symbol,总天数,持有_收益,无ML_T净贡献,无ML_总收益,无ML_交易天,无ML_夏普,ML_T净贡献,ML_总收益,ML_交易天,ML_夏普
000001,40,-500.0,-593.0,-1093.0,1,-0.91,-593.0,-1093.0,1,-0.91
000002,40,-2850.0,1006.0,-1844.0,14,-1.71,1065.0,-1785.0,12,-1.45
000063,40,10200.0,-9203.0,997.0,21,0.06,-6910.0,3290.0,17,0.18
000100,40,350.0,-1460.0,-1110.0,21,-0.76,-629.0,-279.0,25,-0.19
000157,40,-8050.0,-2040.0,-10090.0,9,-4.21,-1375.0,-9425.0,18,-4.0
000166,40,-1550.0,-496.0,-2046.0,2,-3.27,-377.0,-1927.0,1,-3.22
000301,40,7000.0,5005.0,12005.0,17,4.1,4975.0,11975.0,14,3.96
000333,40,26000.0,19749.0,45749.0,4,4.61,18904.0,44904.0,4,4.68
000338,40,43500.0,-46988.0,-3488.0,35,-0.26,-48429.0,-4929.0,29,-0.36
000408,40,-21774.0,-49434.0,-71208.0,21,-2.6,-53531.0,-75305.0,17,-2.59
000425,40,-2500.0,-10532.0,-13032.0,21,-3.0,-10721.0,-13221.0,23,-3.19
000538,40,-21491.0,202.0,-21289.0,0,-3.95,202.0,-21289.0,0,-3.95
000568,40,-77050.0,70000.0,-7050.0,0,-0.45,74108.0,-2942.0,6,-0.18
000596,40,-46050.0,71826.0,25776.0,10,0.92,72253.0,26203.0,6,0.95
000617,40,-11100.0,1219.0,-9881.0,17,-2.84,1001.0,-10099.0,17,-2.89
000625,40,-10150.0,3727.0,-6423.0,1,-5.59,4389.0,-5761.0,10,-4.59
000630,40,4050.0,293.0,4343.0,25,1.48,358.0,4408.0,28,1.49
000651,40,5100.0,-1451.0,3649.0,1,0.77,-1650.0,3450.0,0,0.75
000661,40,-68868.0,5102.0,-63766.0,4,-3.9,7617.0,-61251.0,3,-3.81
000708,40,-9270.0,-2468.0,-11738.0,8,-3.08,-1466.0,-10736.0,13,-2.76
000725,40,6750.0,-2200.0,4550.0,20,1.97,-2116.0,4634.0,9,2.0
000768,40,-14700.0,-2427.0,-17127.0,10,-3.02,-3801.0,-18501.0,6,-3.2
000776,40,3450.0,-5258.0,-1808.0,11,-0.45,-5910.0,-2460.0,14,-0.56
000786,40,-16050.0,11633.0,-4417.0,18,-0.7,11605.0,-4445.0,20,-0.62
000792,40,-33850.0,-16428.0,-50278.0,24,-3.12,-12045.0,-45895.0,28,-2.91
000807,40,-12750.0,-23690.0,-36440.0,17,-2.73,-24211.0,-36961.0,28,-2.52
000858,40,-102800.0,97650.0,-5150.0,0,-0.42,100526.0,-2274.0,3,-0.17
000876,40,-1600.0,2659.0,1059.0,1,0.76,2565.0,965.0,3,0.67
000895,40,-12946.0,7084.0,-5863.0,9,-1.27,7402.0,-5545.0,3,-1.24
000938,40,11700.0,-25377.0,-13677.0,28,-0.86,-29247.0,-17547.0,26,-1.07
000963,40,-33700.0,-5777.0,-39477.0,9,-5.43,-4304.0,-38004.0,6,-5.43
000975,40,-35275.0,-18975.0,-54249.0,16,-3.96,-18352.0,-53627.0,14,-3.91
000977,40,33709.0,-24205.0,9504.0,22,0.26,-41225.0,-7516.0,14,-0.19
000983,40,3450.0,1985.0,5435.0,9,2.8,2102.0,5552.0,9,2.96
000999,40,-14574.0,6527.0,-8047.0,1,-2.18,6527.0,-8047.0,1,-2.18
001391,40,-300.0,111.0,-189.0,4,-0.29,100.0,-200.0,2,-0.31
001965,40,400.0,3993.0,4393.0,17,2.26,3858.0,4258.0,7,2.19
001979,40,3000.0,1657.0,4657.0,21,1.34,1365.0,4365.0,17,1.39
002001,40,-19479.0,19939.0,460.0,13,0.04,12536.0,-6943.0,15,-0.51
002027,40,-4800.0,-3032.0,-7832.0,13,-4.75,-2390.0,-7190.0,11,-4.58
002028,40,45000.0,-48335.0,-3335.0,11,-0.04,-44055.0,945.0,11,0.01
002049,40,46050.0,-31073.0,14977.0,27,0.46,-31049.0,15001.0,17,0.46
002050,40,6150.0,-5542.0,608.0,21,0.03,-3063.0,3087.0,16,0.16
002074,40,-18700.0,-14058.0,-32758.0,14,-2.29,-15260.0,-33960.0,16,-2.47
002142,40,4050.0,-826.0,3224.0,6,0.6,-460.0,3590.0,2,0.7
002179,40,10494.0,-7574.0,2920.0,27,0.18,-20314.0,-9820.0,14,-0.62
002230,40,9450.0,-7316.0,2134.0,14,0.16,-8753.0,697.0,11,0.05
002236,40,301.0,1699.0,2000.0,8,0.45,1716.0,2016.0,8,0.43
002241,40,19303.0,4507.0,23810.0,24,2.79,4049.0,23352.0,20,2.69
002252,40,-2800.0,202.0,-2598.0,2,-3.28,371.0,-2429.0,4,-3.14
002304,40,-27850.0,19455.0,-8395.0,2,-1.13,19971.0,-7879.0,2,-1.05
002311,40,-10500.0,2758.0,-7742.0,5,-0.46,5420.0,-5080.0,11,-0.31
002352,40,-14192.0,577.0,-13615.0,3,-3.6,305.0,-13887.0,2,-3.69
002371,40,673450.0,86404.0,759854.0,19,3.2,84758.0,758208.0,16,3.2
002384,40,421250.0,-110259.0,310991.0,32,2.85,-124461.0,296789.0,25,2.75
002415,40,5.0,-24008.0,-24004.0,16,-2.74,-21972.0,-21968.0,12,-2.6
002422,40,8495.0,-4546.0,3949.0,20,0.34,-1861.0,6634.0,22,0.55
002459,40,-10000.0,3362.0,-6638.0,19,-1.9,3494.0,-6506.0,14,-1.95
002460,40,-46200.0,-7006.0,-53206.0,21,-1.63,-3979.0,-50179.0,24,-1.53
002463,40,221869.0,-70340.0,151529.0,26,2.75,-67670.0,154199.0,27,2.86
002466,40,30950.0,-6260.0,24690.0,24,0.8,-2372.0,28578.0,21,0.91
002475,40,101150.0,-53545.0,47605.0,29,1.53,-50286.0,50864.0,23,1.64
002493,40,-3206.0,-4324.0,-7530.0,20,-1.44,-4197.0,-7403.0,25,-1.4
002594,40,-61250.0,9819.0,-51431.0,8,-2.22,11601.0,-49649.0,10,-2.17
002600,40,9477.0,-9942.0,-466.0,31,-0.07,-10697.0,-1220.0,21,-0.17
002601,40,-16000.0,-2836.0,-18836.0,16,-3.9,-3180.0,-19180.0,22,-3.65
002625,40,-3000.0,6224.0,3224.0,23,0.23,5225.0,2225.0,23,0.16
002648,40,-18450.0,19779.0,1329.0,22,0.11,23921.0,5471.0,33,0.47
002709,40,27386.0,19333.0,46720.0,30,1.58,25165.0,52551.0,29,1.8
002714,40,-18374.0,-987.0,-19361.0,8,-1.74,-4682.0,-23056.0,11,-1.97
002736,40,-6150.0,937.0,-5213.0,1,-2.67,995.0,-5155.0,6,-2.58
002916,40,777803.0,-338718.0,439085.0,23,3.02,-339562.0,438241.0,21,3.02
002920,40,-18641.0,39696.0,21055.0,14,0.51,45697.0,27056.0,14,0.67
002938,40,245450.0,-186307.0,59143.0,30,1.25,-185457.0,59993.0,27,1.28
003816,40,350.0,847.0,1197.0,18,0.98,1046.0,1396.0,22,1.13
300014,40,9164.0,-20679.0,-11515.0,21,-0.45,-22752.0,-13588.0,19,-0.52
300015,40,-2250.0,4559.0,2309.0,12,0.79,4787.0,2537.0,7,0.87
300033,40,71397.0,45077.0,116475.0,9,1.39,58366.0,129764.0,11,1.55
300059,40,-674.0,3046.0,2373.0,14,0.53,2859.0,2186.0,16,0.48
300122,40,-7400.0,5742.0,-1658.0,10,-0.37,6146.0,-1254.0,11,-0.28
300124,40,30000.0,-7355.0,22645.0,27,0.92,-7954.0,22046.0,19,0.92
300251,40,-12393.0,8934.0,-3460.0,10,-0.65,10470.0,-1923.0,15,-0.37
300274,40,168875.0,2065.0,170939.0,23,2.17,-3517.0,165358.0,18,2.12
300308,40,2698493.0,-533614.0,2164879.0,23,5.63,-528583.0,2169909.0,15,5.63
300316,40,28355.0,11685.0,40040.0,35,1.37,8232.0,36587.0,32,1.27
300347,40,-77050.0,39171.0,-37879.0,16,-2.23,28788.0,-48262.0,19,-2.6
300394,40,561050.0,-102535.0,458515.0,21,2.2,-92235.0,468815.0,19,2.25
300408,40,357071.0,-111078.0,245993.0,33,5.63,-107729.0,249342.0,28,5.69
300413,40,-15500.0,-2962.0,-18462.0,4,-4.36,-4653.0,-20153.0,8,-4.41
300418,40,-29300.0,-36563.0,-65863.0,20,-2.57,-37143.0,-66443.0,17,-2.57
300433,40,65450.0,26556.0,92006.0,30,6.11,26112.0,91562.0,27,6.05
300442,40,-5950.0,-80964.0,-86914.0,22,-1.72,-80065.0,-86015.0,19,-1.75
300476,40,420095.0,-97122.0,322972.0,16,1.73,-100320.0,319775.0,15,1.72
300498,40,-15600.0,1334.0,-14266.0,14,-2.96,1839.0,-13761.0,17,-2.83
300502,40,1091450.0,11727.0,1103177.0,28,3.73,30620.0,1122070.0,21,3.77
300628,40,30693.0,-3343.0,27350.0,13,2.8,-4802.0,25891.0,14,2.93
300661,40,180724.0,-77610.0,103114.0,36,1.94,-81659.0,99066.0,35,1.84
300750,40,83477.0,-631527.0,-548050.0,14,-4.64,-632792.0,-549315.0,12,-4.67
300759,40,-19800.0,10441.0,-9359.0,19,-1.23,9615.0,-10185.0,28,-1.31
300760,40,-73254.0,32748.0,-40507.0,3,-1.12,34049.0,-39205.0,3,-1.08
300782,40,93450.0,-72299.0,21151.0,26,0.27,-76988.0,16462.0,22,0.21
300803,40,-39950.0,14273.0,-25677.0,12,-0.77,18601.0,-21349.0,18,-0.64
300832,40,-9109.0,23260.0,14151.0,26,0.92,22245.0,13137.0,18,0.91
300866,40,69243.0,55180.0,124423.0,23,2.23,42421.0,111664.0,15,2.07
300896,40,-69161.0,50014.0,-19147.0,14,-0.7,49585.0,-19576.0,9,-0.72
300979,40,-39180.0,-4069.0,-43248.0,2,-5.7,-1691.0,-40871.0,6,-5.2
300999,40,-6871.0,581.0,-6290.0,3,-1.24,885.0,-5986.0,4,-1.09
301236,40,8200.0,-8887.0,-687.0,14,-0.03,-11656.0,-3456.0,13,-0.14
301269,40,116641.0,61943.0,178583.0,21,2.92,61355.0,177996.0,15,2.9
302132,40,-25450.0,4115.0,-21335.0,9,-1.25,-1832.0,-27282.0,7,-1.67
600000,40,-4400.0,1159.0,-3241.0,4,-2.36,1090.0,-3310.0,1,-2.44
600009,40,-15300.0,650.0,-14650.0,0,-5.93,922.0,-14378.0,2,-5.78
600010,40,-900.0,861.0,-39.0,19,-0.04,1022.0,122.0,26,0.13
600011,40,13450.0,1319.0,14769.0,18,5.27,1166.0,14616.0,13,5.25
600015,40,-2500.0,1148.0,-1352.0,4,-1.16,1257.0,-1243.0,3,-1.03
600016,40,-1100.0,450.0,-650.0,0,-2.1,450.0,-650.0,0,-2.1
600018,40,150.0,-300.0,-150.0,0,-0.3,-300.0,-150.0,0,-0.3
600019,40,-2100.0,-178.0,-2278.0,2,-2.61,-213.0,-2313.0,3,-2.58
600023,40,6150.0,3627.0,9777.0,16,4.97,3462.0,9612.0,15,4.9
600025,40,850.0,1064.0,1914.0,6,1.0,1145.0,1995.0,7,1.05
600026,40,-17900.0,2902.0,-14998.0,25,-1.48,-5289.0,-23189.0,35,-2.15
600027,40,5900.0,1464.0,7364.0,16,5.4,1325.0,7225.0,9,5.44
600028,40,-5050.0,716.0,-4334.0,3,-6.91,1022.0,-4028.0,3,-6.68
600029,40,-1750.0,-818.0,-2568.0,9,-2.5,-769.0,-2519.0,17,-2.41
600030,40,6200.0,-8501.0,-2301.0,4,-0.51,-8230.0,-2030.0,9,-0.42
600031,40,-8700.0,-16178.0,-24878.0,16,-4.13,-17014.0,-25714.0,19,-4.33
600036,40,-6800.0,550.0,-6250.0,0,-1.9,550.0,-6250.0,0,-1.9
600039,40,-8200.0,577.0,-7623.0,13,-2.4,988.0,-7212.0,19,-2.23
600048,40,-700.0,-399.0,-1099.0,18,-0.61,644.0,-56.0,16,-0.03
600050,40,-500.0,487.0,-13.0,5,-0.01,686.0,186.0,5,0.18
600061,40,-2600.0,-746.0,-3346.0,4,-3.13,-491.0,-3091.0,8,-2.83
600066,40,-10560.0,9473.0,-1087.0,12,-0.13,12614.0,2054.0,22,0.25
600085,40,-9450.0,902.0,-8548.0,3,-2.1,1550.0,-7900.0,0,-2.07
600089,40,-2600.0,-2126.0,-4726.0,17,-0.58,-1150.0,-3750.0,21,-0.49
600104,40,-12750.0,-1375.0,-14125.0,1,-7.47,-1441.0,-14191.0,5,-7.09
600111,40,-3150.0,3074.0,-76.0,18,-0.0,2637.0,-513.0,11,-0.02
600115,40,-850.0,164.0,-686.0,19,-0.53,284.0,-566.0,23,-0.44
600150,40,27200.0,-12402.0,14798.0,17,1.03,-9931.0,17269.0,20,1.25
600160,40,7500.0,-28429.0,-20929.0,25,-1.35,-23160.0,-15660.0,25,-1.04
600161,40,-8500.0,3793.0,-4707.0,4,-1.89,4001.0,-4499.0,4,-1.76
600176,40,62945.0,-12557.0,50388.0,33,2.41,-9784.0,53160.0,34,2.47
600183,40,400400.0,-110145.0,290255.0,33,5.98,-108825.0,291575.0,30,6.04
600188,40,24900.0,19039.0,43939.0,27,4.65,19351.0,44251.0,18,4.77
600196,40,-19750.0,-2261.0,-22011.0,9,-6.87,123.0,-19627.0,7,-7.13
600219,40,-4074.0,-362.0,-4436.0,17,-1.81,58.0,-4016.0,22,-1.77
600233,40,-10100.0,-8993.0,-19093.0,21,-3.84,-10734.0,-20834.0,21,-4.15
600276,40,-33161.0,-12578.0,-45739.0,12,-3.04,-10503.0,-43664.0,18,-2.69
600309,40,-18733.0,14931.0,-3802.0,8,-0.18,14266.0,-4467.0,5,-0.21
600346,40,-20903.0,2295.0,-18608.0,11,-1.89,-5254.0,-26157.0,21,-2.51
600362,40,-5650.0,-24536.0,-30186.0,17,-1.77,-22580.0,-28230.0,19,-1.58
600372,40,-9250.0,-3018.0,-12268.0,12,-4.27,-2074.0,-11324.0,7,-4.15
600377,40,4050.0,-698.0,3352.0,8,1.73,-731.0,3319.0,5,1.75
600406,40,-5650.0,-14110.0,-19760.0,16,-2.96,-13074.0,-18724.0,19,-2.89
600415,40,-600.0,6774.0,6174.0,23,1.21,5908.0,5308.0,20,1.09
600426,40,-32500.0,5753.0,-26747.0,16,-2.06,1346.0,-31154.0,17,-2.37
600436,40,-114850.0,31100.0,-83750.0,0,-3.45,31100.0,-83750.0,0,-3.45
600438,40,-10850.0,5382.0,-5468.0,13,-1.08,-259.0,-11109.0,15,-1.88
600460,40,33750.0,-5047.0,28703.0,27,2.03,-2991.0,30759.0,17,2.15
600482,40,22100.0,-21865.0,235.0,21,0.01,-6247.0,15853.0,33,0.66
600489,40,-24700.0,4999.0,-19701.0,22,-2.16,1914.0,-22786.0,15,-2.49
600515,40,-2350.0,98.0,-2252.0,12,-2.77,44.0,-2306.0,16,-2.84
600519,40,-774450.0,840500.0,66050.0,0,0.33,840500.0,66050.0,0,0.33
600522,40,42000.0,-28722.0,13278.0,31,0.58,-26094.0,15906.0,34,0.69
600547,40,-60700.0,810.0,-59890.0,11,-4.74,1902.0,-58798.0,11,-4.72
600570,40,-6150.0,-844.0,-6994.0,12,-1.22,-1499.0,-7649.0,13,-1.25
600584,40,178850.0,-14420.0,164430.0,30,4.75,-16289.0,162561.0,19,4.66
600585,40,-15450.0,-550.0,-16000.0,0,-6.72,-753.0,-16203.0,1,-6.46
600588,40,-2300.0,-2258.0,-4558.0,14,-1.12,-1147.0,-3447.0,13,-0.63
600600,40,-3400.0,-964.0,-4364.0,1,-0.66,-200.0,-3600.0,0,-0.57
600660,40,-21256.0,-9753.0,-31009.0,8,-3.49,-17273.0,-38530.0,7,-3.96
600674,40,4100.0,1287.0,5387.0,10,1.89,742.0,4842.0,8,1.78
600690,40,-2900.0,-391.0,-3291.0,5,-0.9,-399.0,-3299.0,1,-0.95
600741,40,-12500.0,1108.0,-11392.0,4,-4.16,425.0,-12075.0,8,-4.26
600760,40,-27622.0,-7867.0,-35489.0,12,-2.89,-5112.0,-32734.0,10,-2.85
600795,40,1900.0,421.0,2321.0,14,2.16,356.0,2256.0,11,2.19
600803,40,-11350.0,19022.0,7672.0,12,1.66,19287.0,7937.0,11,1.78
600809,40,-77350.0,90622.0,13272.0,8,0.49,89288.0,11938.0,5,0.45
600845,40,-13714.0,-3590.0,-17304.0,25,-2.14,-4474.0,-18189.0,19,-2.34
600875,40,-7450.0,-39589.0,-47039.0,18,-2.23,-33973.0,-41423.0,26,-2.01
600886,40,1800.0,370.0,2170.0,14,0.7,-60.0,1740.0,12,0.58
600887,40,2100.0,-2508.0,-408.0,6,-0.09,-2443.0,-343.0,4,-0.08
600893,40,-37000.0,-11753.0,-48753.0,13,-2.3,-19349.0,-56349.0,13,-2.46
600900,40,3250.0,-2300.0,950.0,0,0.36,-2300.0,950.0,0,0.36
600905,40,800.0,192.0,992.0,6,1.73,169.0,969.0,4,1.76
600918,40,-3100.0,740.0,-2360.0,5,-3.47,615.0,-2485.0,3,-3.43
600919,40,2300.0,785.0,3085.0,2,2.7,785.0,3085.0,2,2.7
600926,40,-2200.0,2779.0,579.0,5,0.29,2729.0,529.0,3,0.26
600930,40,400.0,2463.0,2863.0,14,1.63,2175.0,2575.0,12,1.54
600938,40,-21350.0,32618.0,11268.0,13,1.59,33551.0,12201.0,8,1.86
600941,40,23750.0,13696.0,37446.0,2,3.77,13740.0,37490.0,1,3.78
600958,30,750.0,-740.0,10.0,14,0.01,-686.0,64.0,4,0.04
600989,40,-20121.0,28225.0,8104.0,19,0.94,26466.0,6345.0,26,0.69
600999,40,7300.0,-8855.0,-1555.0,9,-0.54,-8434.0,-1134.0,7,-0.41
601006,40,-750.0,1038.0,288.0,5,0.42,1115.0,365.0,2,0.53
601009,40,-750.0,752.0,2.0,6,0.0,703.0,-47.0,6,-0.03
601012,40,-20200.0,5362.0,-14838.0,7,-3.57,4664.0,-15536.0,15,-3.75
601018,40,-2536.0,-884.0,-3421.0,7,-4.5,-435.0,-2971.0,12,-4.12
601021,40,3400.0,-16558.0,-13158.0,14,-1.66,-15663.0,-12263.0,17,-1.55
601058,40,-2350.0,-5148.0,-7498.0,17,-2.19,-4285.0,-6635.0,16,-2.01
601059,40,3100.0,-5300.0,-2200.0,0,-1.31,-5300.0,-2200.0,0,-1.31
601066,40,13050.0,820.0,13870.0,12,2.68,66.0,13116.0,4,2.63
601077,40,-1800.0,1551.0,-249.0,9,-0.21,1002.0,-798.0,9,-0.66
601088,40,13350.0,13142.0,26492.0,7,2.75,13364.0,26714.0,7,2.75
601100,40,70000.0,-14101.0,55899.0,19,1.28,-10259.0,59741.0,19,1.4
601111,40,-800.0,-1049.0,-1849.0,14,-1.29,-1014.0,-1814.0,16,-1.28
601117,40,-5600.0,-1726.0,-7326.0,9,-3.83,-1803.0,-7403.0,9,-3.86
601127,40,-58500.0,8988.0,-49512.0,11,-1.88,14184.0,-44316.0,14,-1.72
601136,40,-8650.0,-3005.0,-11655.0,3,-4.28,-3374.0,-12024.0,6,-4.33
601138,40,103750.0,-48602.0,55148.0,32,1.57,-49628.0,54122.0,27,1.55
601166,40,-2250.0,450.0,-1800.0,0,-0.89,450.0,-1800.0,0,-0.89
601169,40,-1750.0,417.0,-1333.0,3,-2.88,420.0,-1330.0,1,-2.91
601186,40,-3050.0,-150.0,-3200.0,0,-5.01,-150.0,-3200.0,0,-5.01
601211,40,-4800.0,-2176.0,-6976.0,4,-2.49,-2014.0,-6814.0,4,-2.52
601225,40,6800.0,11076.0,17876.0,12,2.4,11141.0,17941.0,12,2.55
601229,40,-3300.0,-98.0,-3398.0,4,-2.55,112.0,-3188.0,2,-2.55
601236,40,-3174.0,514.0,-2660.0,2,-3.05,676.0,-2498.0,2,-2.72
601238,40,-5300.0,100.0,-5200.0,0,-5.94,-285.0,-5585.0,6,-5.72
601288,40,-359.0,2338.0,1979.0,6,1.5,2372.0,2013.0,4,1.72
601298,40,3700.0,45.0,3745.0,17,2.45,-17.0,3683.0,10,2.43
601318,40,-18650.0,-11029.0,-29679.0,3,-3.23,-8550.0,-27200.0,0,-3.08
601319,40,-2600.0,2062.0,-538.0,7,-0.38,2096.0,-504.0,9,-0.36
601328,40,-1100.0,102.0,-998.0,3,-1.28,100.0,-1000.0,0,-1.32
601336,40,-19200.0,2220.0,-16980.0,14,-1.28,6072.0,-13128.0,12,-1.01
601360,40,-2000.0,-4149.0,-6149.0,14,-1.88,-3697.0,-5697.0,13,-1.8
601377,40,-900.0,-880.0,-1780.0,8,-1.82,-698.0,-1598.0,4,-1.73
601390,40,-3400.0,276.0,-3124.0,2,-4.52,323.0,-3077.0,2,-4.48
601398,40,-636.0,1289.0,652.0,8,0.69,1209.0,573.0,6,0.61
601456,40,-1550.0,-1173.0,-2723.0,1,-1.76,-1492.0,-3042.0,5,-1.73
601600,40,-1700.0,-6956.0,-8656.0,19,-1.67,-4902.0,-6602.0,22,-1.33
601601,40,-30650.0,-3458.0,-34108.0,7,-4.08,-6287.0,-36937.0,13,-4.25
601607,40,-3350.0,-1419.0,-4769.0,2,-3.16,-1419.0,-4769.0,2,-3.16
601618,40,-1000.0,184.0,-816.0,2,-2.86,224.0,-776.0,3,-2.61
601628,40,-16350.0,96.0,-16254.0,5,-2.91,569.0,-15781.0,8,-2.71
601633,40,-18950.0,-2305.0,-21255.0,5,-8.18,-4109.0,-23059.0,5,-8.48
601658,40,-650.0,650.0,0.0,0,0.0,650.0,0.0,0,0.0
601668,40,-950.0,50.0,-900.0,0,-2.13,50.0,-900.0,0,-2.13
601669,40,-2300.0,-358.0,-2658.0,13,-1.85,-91.0,-2391.0,9,-1.7
601688,40,2050.0,-4904.0,-2854.0,12,-0.75,-4173.0,-2123.0,13,-0.54
601689,40,18006.0,-16559.0,1447.0,25,0.06,-17411.0,595.0,25,0.02
601698,40,-19550.0,-6155.0,-25705.0,19,-1.49,-9771.0,-29321.0,13,-1.64
601728,40,1700.0,1761.0,3461.0,8,2.09,2126.0,3826.0,7,2.43
601766,40,-3000.0,-1602.0,-4602.0,3,-6.96,-1588.0,-4588.0,4,-6.85
601788,40,-5500.0,-497.0,-5997.0,3,-2.53,-70.0,-5570.0,8,-2.2
601800,40,-5950.0,600.0,-5350.0,0,-7.05,600.0,-5350.0,0,-7.05
601808,40,-13100.0,7717.0,-5383.0,9,-1.85,5300.0,-7800.0,8,-2.53
601816,40,-350.0,-1236.0,-1586.0,5,-2.51,-1271.0,-1621.0,2,-2.59
601818,40,-450.0,-0.0,-450.0,0,-2.11,-0.0,-450.0,0,-2.11
601825,40,-2350.0,2547.0,197.0,8,0.13,2569.0,219.0,4,0.16
601838,40,8950.0,3307.0,12257.0,4,5.15,3094.0,12044.0,2,5.1
601857,40,-5950.0,11234.0,5284.0,9,2.64,11224.0,5274.0,9,2.47
601868,40,-200.0,693.0,493.0,25,0.38,353.0,153.0,23,0.12
601872,40,-5750.0,17689.0,11939.0,24,1.24,16770.0,11020.0,30,1.15
601877,40,-19400.0,699.0,-18701.0,18,-1.78,6113.0,-13287.0,17,-1.37
601878,40,-1650.0,-612.0,-2262.0,2,-1.77,-737.0,-2387.0,1,-1.83
601881,40,-2600.0,-118.0,-2718.0,4,-1.25,187.0,-2413.0,5,-1.07
601888,40,-64500.0,14896.0,-49604.0,10,-2.97,15535.0,-48965.0,9,-2.82
601898,40,-850.0,14160.0,13310.0,23,1.73,14568.0,13718.0,30,1.77
601899,40,-18350.0,-7240.0,-25590.0,9,-2.46,-7008.0,-25358.0,12,-2.43
601901,40,-350.0,323.0,-27.0,5,-0.03,396.0,46.0,2,0.05
601916,40,200.0,50.0,250.0,0,1.11,50.0,250.0,0,1.11
601919,40,-1200.0,-1606.0,-2806.0,6,-1.36,-1723.0,-2923.0,6,-1.42
601939,40,2500.0,4140.0,6640.0,17,4.6,4144.0,6644.0,12,4.62
601985,40,550.0,1696.0,2246.0,10,1.51,1411.0,1961.0,4,1.4
601988,40,200.0,1347.0,1547.0,7,1.94,1318.0,1518.0,6,1.91
601995,40,5250.0,-6765.0,-1515.0,4,-0.37,-6650.0,-1400.0,0,-0.35
601998,40,-4150.0,984.0,-3166.0,8,-3.31,710.0,-3440.0,6,-3.59
603019,40,28026.0,-88904.0,-60878.0,26,-1.53,-96948.0,-68922.0,19,-1.72
603195,40,2550.0,-11239.0,-8689.0,9,-1.02,-10052.0,-7502.0,8,-0.92
603259,40,7492.0,-64745.0,-57253.0,19,-2.0,-66145.0,-58653.0,17,-2.01
603260,40,-16700.0,36270.0,19570.0,18,1.27,37111.0,20411.0,15,1.33
603288,40,-28100.0,1135.0,-26965.0,9,-4.76,3799.0,-24301.0,10,-4.57
603296,40,172700.0,-160390.0,12310.0,26,0.25,-165553.0,7147.0,24,0.14
603369,40,15750.0,21669.0,37419.0,20,4.5,20271.0,36021.0,7,4.34
603392,40,-17950.0,-3211.0,-21161.0,11,-1.61,-3746.0,-21696.0,12,-1.62
603501,40,-23050.0,-23436.0,-46486.0,28,-1.29,-25701.0,-48751.0,18,-1.34
603799,40,-29532.0,-5600.0,-35132.0,19,-1.43,34.0,-29498.0,21,-1.25
603893,40,122400.0,-27621.0,94779.0,16,1.25,-22615.0,99785.0,15,1.31
603986,40,1091819.0,-552570.0,539249.0,26,2.8,-552252.0,539567.0,21,2.81
603993,40,3873.0,-4843.0,-970.0,21,-0.12,-4754.0,-881.0,23,-0.11
605117,40,110664.0,5688.0,116352.0,31,2.34,2526.0,113190.0,29,2.28
605499,40,-27394.0,40984.0,13590.0,10,0.3,44063.0,16670.0,10,0.37
688008,40,511500.0,-546368.0,-34868.0,19,-0.27,-529780.0,-18280.0,20,-0.14
688009,40,-4150.0,-495.0,-4645.0,4,-5.36,-539.0,-4689.0,10,-5.14
688012,40,311025.0,-72823.0,238201.0,20,1.68,-67439.0,243585.0,19,1.71
688036,40,34546.0,6584.0,41130.0,32,2.03,5385.0,39931.0,24,2.06
688041,40,291300.0,-441662.0,-150362.0,16,-0.92,-440391.0,-149091.0,16,-0.91
688047,40,53650.0,-259913.0,-206263.0,21,-2.94,-264299.0,-210649.0,8,-3.02
688082,40,345750.0,-3704.0,342046.0,25,2.88,-28510.0,317240.0,23,2.68
688111,40,90500.0,-180463.0,-89963.0,8,-1.07,-179627.0,-89127.0,6,-1.07
688126,40,43200.0,5636.0,48836.0,32,2.34,4094.0,47294.0,25,2.28
688169,40,-66600.0,-60918.0,-127518.0,15,-2.53,-62388.0,-128988.0,8,-2.58
688187,40,25500.0,12209.0,37709.0,23,0.99,339.0,25839.0,20,0.75
688223,40,-4300.0,772.0,-3528.0,22,-0.98,1810.0,-2490.0,29,-0.73
688256,40,2810176.0,-174258.0,2635918.0,11,4.23,-171749.0,2638427.0,11,4.24
688271,40,20250.0,31497.0,51747.0,16,1.43,23475.0,43725.0,7,1.26
688303,40,-8100.0,6189.0,-1911.0,15,-0.22,10534.0,2434.0,21,0.31
688396,40,100100.0,16422.0,116522.0,35,3.5,15213.0,115313.0,26,3.47
688472,40,-550.0,-1707.0,-2257.0,26,-0.4,-3511.0,-4061.0,21,-0.71
688506,40,-327050.0,15788.0,-311262.0,4,-2.35,17046.0,-310004.0,3,-2.34
688981,40,180200.0,-22154.0,158046.0,28,2.21,-23625.0,156575.0,21,2.22
